﻿<?xml version="1.0" encoding="utf-8"?>
<?xml-stylesheet type="text/xsl" href="d:\program\microsoftvisualstudio2013\team tools\static analysis tools\fxcop\Xml\CodeAnalysisReport.xsl"?>
<FxCopReport Version="12.0">
 <Localized>
  <String Key="Category">カテゴリ</String>
  <String Key="Certainty">確実性</String>
  <String Key="CollapseAll">すべて折りたたみ</String>
  <String Key="CheckId">ID の確認</String>
  <String Key="Error">エラー</String>
  <String Key="Errors">エラー</String>
  <String Key="ExpandAll">すべて展開</String>
  <String Key="Help">ヘルプ</String>
  <String Key="Line">行</String>
  <String Key="Messages">メッセージ</String>
  <String Key="LocationNotStoredInPdb">[場所は Pdb に格納されていません]</String>
  <String Key="Project">プロジェクト</String>
  <String Key="Resolution">解像度</String>
  <String Key="Rule">ルール</String>
  <String Key="RuleFile">規則ファイル</String>
  <String Key="RuleDescription">規則の説明</String>
  <String Key="Source">ソース</String>
  <String Key="Status">状態</String>
  <String Key="Target">ターゲット</String>
  <String Key="Warning">警告</String>
  <String Key="Warnings">警告</String>
  <String Key="ReportTitle">コード分析レポート</String>
 </Localized>
</FxCopReport>
